{
    "metrics": {
        "iterations": {
            "count": 9,
            "rate": 0.023075958519607694
        },
        "http_req_tls_handshaking": {
            "p(95)": 0,
            "avg": 0,
            "min": 0,
            "med": 0,
            "max": 0,
            "p(90)": 0
        },
        "http_req_sending": {
            "p(95)": 1.7149399999999995,
            "avg": 0.6570951126719343,
            "min": 0,
            "med": 0.525,
            "max": 27.2506,
            "p(90)": 1.1912200000000002
        },
        "vus_max": {
            "value": 300,
            "min": 300,
            "max": 300
        },
        "http_req_blocked": {
            "max": 74.6581,
            "p(90)": 1.60236,
            "p(95)": 2.5845399999999974,
            "avg": 0.6434094820017555,
            "min": 0,
            "med": 0
        },
        "data_received": {
            "count": 214419020,
            "rate": 549769.3790372148
        },
        "http_reqs": {
            "count": 3417,
            "rate": 8.761172251277722
        },
        "vus": {
            "value": 4,
            "min": 1,
            "max": 300
        },
        "http_req_waiting": {
            "p(95)": 60004.26446,
            "avg": 15614.701451185218,
            "min": 15.8242,
            "med": 8159.895,
            "max": 60311.715,
            "p(90)": 46553.89174000002
        },
        "http_req_connecting": {
            "avg": 0.5642697980684815,
            "min": 0,
            "med": 0,
            "max": 74.6581,
            "p(90)": 1.3568600000000006,
            "p(95)": 2.1404399999999995
        },
        "checks": {
            "passes": 3107,
            "fails": 310,
            "value": 0.9092771436932983
        },
        "data_sent": {
            "count": 30676918,
            "rate": 78655.47636415629
        },
        "http_req_duration": {
            "avg": 15636.797451477873,
            "min": 16.4322,
            "med": 8180.9952,
            "max": 60311.715,
            "p(90)": 46554.35438000002,
            "p(95)": 60005.20488,
            "thresholds": {
                "p(95)<2500": true,
                "p(99)<5000": true
            }
        },
        "http_req_receiving": {
            "min": 0,
            "med": 0,
            "max": 2191.7832,
            "p(90)": 2.12102,
            "p(95)": 18.64559999999993,
            "avg": 21.43890517998242
        },
        "http_req_failed": {
            "fails": 3107,
            "passes": 310,
            "value": 0.09072285630670178
        },
        "iteration_duration": {
            "p(90)": 356291.5137,
            "p(95)": 364989.0705,
            "avg": 271309.33235555555,
            "min": 144594.3324,
            "med": 338010.6746,
            "max": 373686.6273
        },
        "http_req_duration{expected_response:true}": {
            "avg": 12552.788829964556,
            "min": 16.4322,
            "med": 7621.4642,
            "max": 59984.4953,
            "p(90)": 33270.83686,
            "p(95)": 41777.23746999999
        }
    },
    "root_group": {
        "groups": {},
        "checks": {
                "login status is 2xx": {
                    "name": "login status is 2xx",
                    "path": "::login status is 2xx",
                    "id": "fc4ad0a473289fccc786b840f605bf12",
                    "passes": 292,
                    "fails": 0
                },
                "dashboard summary status is 2xx": {
                    "name": "dashboard summary status is 2xx",
                    "path": "::dashboard summary status is 2xx",
                    "id": "a46f618aa87d25fbb8082749650bb4e1",
                    "passes": 164,
                    "fails": 77
                },
                "dashboard burn rate status is 2xx": {
                    "fails": 0,
                    "name": "dashboard burn rate status is 2xx",
                    "path": "::dashboard burn rate status is 2xx",
                    "id": "90c24920105dc97abb0f6e857b5b0cdf",
                    "passes": 231
                },
                "dashboard manpower status is 2xx": {
                    "name": "dashboard manpower status is 2xx",
                    "path": "::dashboard manpower status is 2xx",
                    "id": "6c3c68dcecdde86360258266b4a670c5",
                    "passes": 224,
                    "fails": 0
                },
                "dashboard milestones status is 2xx": {
                    "name": "dashboard milestones status is 2xx",
                    "path": "::dashboard milestones status is 2xx",
                    "id": "dd699f79ea8bcb4e95fd4062eccfe857",
                    "passes": 210,
                    "fails": 0
                },
                "dashboard alerts status is 2xx": {
                    "name": "dashboard alerts status is 2xx",
                    "path": "::dashboard alerts status is 2xx",
                    "id": "5405dc52b830c55d80728280e10bb5c0",
                    "passes": 174,
                    "fails": 0
                },
                "dashboard quality metrics status is 2xx": {
                    "name": "dashboard quality metrics status is 2xx",
                    "path": "::dashboard quality metrics status is 2xx",
                    "id": "4c9f241005d60a686602fde4fc099fe9",
                    "passes": 113,
                    "fails": 32
                },
                "dashboard ehs metrics status is 2xx": {
                    "name": "dashboard ehs metrics status is 2xx",
                    "path": "::dashboard ehs metrics status is 2xx",
                    "id": "16efda6dbe71ec34d5a2be6b38d546c1",
                    "passes": 114,
                    "fails": 21
                },
                "dashboard companies status is 2xx": {
                    "name": "dashboard companies status is 2xx",
                    "path": "::dashboard companies status is 2xx",
                    "id": "01ec73ed73ac12d85d56360355a0f8e6",
                    "passes": 129,
                    "fails": 0
                },
                "dashboard projects status is 2xx": {
                    "passes": 122,
                    "fails": 0,
                    "name": "dashboard projects status is 2xx",
                    "path": "::dashboard projects status is 2xx",
                    "id": "801c639161465e3dcb6993b245c4e65a"
                },
                "dashboard enterprise status is 2xx": {
                    "name": "dashboard enterprise status is 2xx",
                    "path": "::dashboard enterprise status is 2xx",
                    "id": "c1ebef324448853ad89ac9452ff00835",
                    "passes": 94,
                    "fails": 12
                },
                "dashboard company status is 2xx": {
                    "path": "::dashboard company status is 2xx",
                    "id": "183206abe17d2f04b8ade27736e177dd",
                    "passes": 80,
                    "fails": 14,
                    "name": "dashboard company status is 2xx"
                },
                "dashboard project status is 2xx": {
                    "name": "dashboard project status is 2xx",
                    "path": "::dashboard project status is 2xx",
                    "id": "f5665759cc825807e4f1cecdb06342d4",
                    "passes": 72,
                    "fails": 15
                },
                "progress stats status is 2xx": {
                    "name": "progress stats status is 2xx",
                    "path": "::progress stats status is 2xx",
                    "id": "db36b49b8560a893b431962a4e688a08",
                    "passes": 86,
                    "fails": 0
                },
                "progress plan-vs-achieved status is 2xx": {
                    "name": "progress plan-vs-achieved status is 2xx",
                    "path": "::progress plan-vs-achieved status is 2xx",