{
    "root_group": {
        "checks": {
            "login status is 2xx": {
                "path": "::login status is 2xx",
                "id": "fc4ad0a473289fccc786b840f605bf12",
                "passes": 9,
                "fails": 0,
                "name": "login status is 2xx"
            },
            "profile status is 2xx": {
                "name": "profile status is 2xx",
                "path": "::profile status is 2xx",
                "id": "6029f8e96e1aec4bad75eb888c953d93",
                "passes": 9,
                "fails": 0
            }
        },
        "name": "",
        "path": "",
        "id": "d41d8cd98f00b204e9800998ecf8427e",
        "groups": {}
    },
    "metrics": {
        "checks": {
            "passes": 18,
            "fails": 0,
            "value": 1
        },
        "http_req_sending": {
            "min": 0,
            "med": 0.34440000000000004,
            "max": 1.0262,
            "p(90)": 0.7623900000000002,
            "p(95)": 1.001465,
            "avg": 0.3503111111111112
        },
        "vus": {
            "value": 1,
            "min": 1,
            "max": 1
        },
        "http_req_duration{expected_response:true}": {
            "med": 251.46615,
            "max": 1198.7708,
            "p(90)": 804.1379400000001,
            "p(95)": 874.6323949999995,
            "avg": 370.9665777777778,
            "min": 8.6491
        },
        "http_req_failed": {
            "passes": 0,
            "fails": 18,
            "thresholds": {
                "rate<0.01": false
            },
            "value": 0
        },
        "iterations": {
            "count": 9,
            "rate": 0.5671958391672839
        },
        "http_req_duration": {
            "avg": 370.9665777777778,
            "min": 8.6491,
            "med": 251.46615,
            "max": 1198.7708,
            "p(90)": 804.1379400000001,
            "p(95)": 874.6323949999995,
            "thresholds": {
                "p(95)<1000": false
            }
        },
        "vus_max": {
            "value": 1,
            "min": 1,
            "max": 1
        },
        "http_req_receiving": {
            "avg": 0.44888333333333347,
            "min": 0,
            "med": 0.43135,
            "max": 1.5886,
            "p(90)": 1.1579000000000004,
            "p(95)": 1.555705
        },
        "data_received": {
            "count": 202617,
            "rate": 12769.279927173062
        },
        "http_reqs": {
            "count": 18,
            "rate": 1.1343916783345678
        },
        "iteration_duration": {
            "max": 2295.8682,
            "p(90)": 1949.4451600000002,
            "p(95)": 2122.65668,
            "avg": 1763.0022000000001,
            "min": 1486.8214,
            "med": 1730.9608
        },
        "http_req_tls_handshaking": {
            "min": 0,
            "med": 0,
            "max": 0,
            "p(90)": 0,
            "p(95)": 0,
            "avg": 0
        },
        "http_req_waiting": {
            "p(90)": 803.98305,
            "p(95)": 874.0639549999995,
            "avg": 370.1673833333334,
            "min": 7.53,
            "med": 250.8593,
            "max": 1197.9069
        },
        "data_sent": {
            "rate": 5188.140340863146,
            "count": 82323
        },
        "http_req_connecting": {
            "max": 1.4998,
            "p(90)": 0,
            "p(95)": 0.22496999999999787,
            "avg": 0.08332222222222223,
            "min": 0,
            "med": 0
        },
        "http_req_blocked": {
            "avg": 3.1164055555555557,
            "min": 0,
            "med": 0,
            "max": 56.0953,
            "p(90)": 0,
            "p(95)": 8.414294999999921
        }
    }
}