{
    "root_group": {
        "checks": {
            "login status is 2xx": {
                "name": "login status is 2xx",
                "path": "::login status is 2xx",
                "id": "fc4ad0a473289fccc786b840f605bf12",
                "passes": 0,
                "fails": 1057
            }
        },
        "name": "",
        "path": "",
        "id": "d41d8cd98f00b204e9800998ecf8427e",
        "groups": {}
    },
    "metrics": {
        "http_req_blocked": {
            "p(90)": 3.3089599999999986,
            "p(95)": 5.563659999999999,
            "avg": 1.4531634815515617,
            "min": 0,
            "med": 0.5175,
            "max": 47.4158
        },
        "vus": {
            "value": 2,
            "min": 1,
            "max": 300
        },
        "iteration_duration": {
            "avg": 46894.35184408702,
            "min": 878.8089,
            "med": 51024.196,
            "max": 60225.8188,
            "p(90)": 60017.39794,
            "p(95)": 60025.842260000005
        },
        "vus_max": {
            "value": 300,
            "min": 300,
            "max": 300
        },
        "http_req_tls_handshaking": {
            "avg": 0,
            "min": 0,
            "med": 0,
            "max": 0,
            "p(90)": 0,
            "p(95)": 0
        },
        "http_req_sending": {
            "med": 0,
            "max": 52.5772,
            "p(90)": 0.5634,
            "p(95)": 1.0088399999999993,
            "avg": 0.2186198675496688,
            "min": 0
        },
        "http_req_duration": {
            "p(95)": 60014.912260000005,
            "avg": 46889.3591869442,
            "min": 877.3613,
            "med": 51023.0304,
            "max": 60156.0397,
            "p(90)": 60010.036479999995,
            "thresholds": {
                "p(95)<2500": true,
                "p(99)<5000": true
            }
        },
        "http_req_waiting": {
            "p(95)": 60014.90064,
            "avg": 46888.93891835379,
            "min": 877.3613,
            "med": 51023.0304,
            "max": 60156.0397,
            "p(90)": 60009.77138
        },
        "http_req_receiving": {
            "avg": 0.20164872280037846,
            "min": 0,
            "med": 0,
            "max": 11.4787,
            "p(90)": 0.61022,
            "p(95)": 1.01926
        },
        "checks": {
            "passes": 0,
            "fails": 1057,
            "value": 0
        },
        "data_sent": {
            "count": 225246,
            "rate": 577.8448403700319
        },
        "http_reqs": {
            "rate": 2.711621943435727,
            "count": 1057
        },
        "http_req_connecting": {
            "avg": 1.2537618732261118,
            "min": 0,
            "med": 0,
            "max": 31.1057,
            "p(90)": 3.02094,
            "p(95)": 5.1687799999999955
        },
        "http_req_failed": {
            "passes": 1057,
            "fails": 0,
            "value": 1
        },
        "iterations": {
            "count": 1057,
            "rate": 2.711621943435727
        },
        "data_received": {
            "count": 190720,
            "rate": 489.27203126968953
        }
    }
}