{
    "metrics": {
        "http_reqs": {
            "count": 121,
            "rate": 1.888164073156277
        },
        "http_req_failed": {
            "passes": 121,
            "fails": 0,
            "value": 1
        },
        "http_req_receiving": {
            "p(95)": 1.0189,
            "avg": 0.2699214876033057,
            "min": 0,
            "med": 0,
            "max": 2.0564,
            "p(90)": 0.9699
        },
        "data_received": {
            "count": 38720,
            "rate": 604.2125034100087
        },
        "http_req_duration": {
            "max": 12685.926,
            "p(90)": 5874.2736,
            "p(95)": 6091.1204,
            "avg": 5192.75218181818,
            "min": 3462.0675,
            "med": 5295.9571,
            "thresholds": {
                "p(95)<1800": true,
                "p(99)<3000": true
            }
        },
        "http_req_blocked": {
            "p(95)": 79.7118,
            "avg": 6.643419008264463,
            "min": 0,
            "med": 0,
            "max": 81.7391,
            "p(90)": 0.116
        },
        "iterations": {
            "count": 121,
            "rate": 1.888164073156277
        },
        "http_req_connecting": {
            "avg": 0.18193223140495865,
            "min": 0,
            "med": 0,
            "max": 3.3557,
            "p(90)": 0,
            "p(95)": 1.5404
        },
        "http_req_sending": {
            "med": 0,
            "max": 1.5436,
            "p(90)": 0.3463,
            "p(95)": 0.5181,
            "avg": 0.07426611570247935,
            "min": 0
        },
        "http_req_waiting": {
            "avg": 5192.407994214876,
            "min": 3462.0675,
            "med": 5295.9571,
            "max": 12685.926,
            "p(90)": 5873.2969,
            "p(95)": 6091.1204
        },
        "iteration_duration": {
            "p(90)": 5874.7893,
            "p(95)": 6092.6992,
            "avg": 5200.887933057852,
            "min": 3463.2096,
            "med": 5296.6543,
            "max": 12686.4447
        },
        "vus_max": {
            "min": 10,
            "max": 10,
            "value": 10
        },
        "checks": {
            "passes": 0,
            "fails": 121,
            "value": 0
        },
        "vus": {
            "value": 3,
            "min": 3,
            "max": 10
        },
        "data_sent": {
            "count": 22506,
            "rate": 351.1985176070675
        },
        "http_req_tls_handshaking": {
            "avg": 0,
            "min": 0,
            "med": 0,
            "max": 0,
            "p(90)": 0,
            "p(95)": 0
        }
    },
    "root_group": {
        "name": "",
        "path": "",
        "id": "d41d8cd98f00b204e9800998ecf8427e",
        "groups": {},
        "checks": {
                "login status is 2xx": {
                    "passes": 0,
                    "fails": 121,
                    "name": "login status is 2xx",
                    "path": "::login status is 2xx",
                    "id": "fc4ad0a473289fccc786b840f605bf12"
                }
            }
    }
}